--------------------------------------------------------
--  File created - Friday-October-28-2016   
--------------------------------------------------------
REM INSERTING into TBL_ESTADOS_VIDEOS
SET DEFINE OFF;
Insert into TBL_ESTADOS_VIDEOS (CODIGO_ESTADO_VIDEO,NOMBRE_ESTADO_VIDEO) values (1,'Disponible');
Insert into TBL_ESTADOS_VIDEOS (CODIGO_ESTADO_VIDEO,NOMBRE_ESTADO_VIDEO) values (2,'Bloqueado');
Insert into TBL_ESTADOS_VIDEOS (CODIGO_ESTADO_VIDEO,NOMBRE_ESTADO_VIDEO) values (3,'En mantenimiento');
REM INSERTING into TBL_TIPOS_LUGARES
SET DEFINE OFF;
Insert into TBL_TIPOS_LUGARES (CODIGO_TIPO_LUGAR,NOMBRE_TIPO_LUGAR) values (1,'Continente');
Insert into TBL_TIPOS_LUGARES (CODIGO_TIPO_LUGAR,NOMBRE_TIPO_LUGAR) values (2,'Pais');
Insert into TBL_TIPOS_LUGARES (CODIGO_TIPO_LUGAR,NOMBRE_TIPO_LUGAR) values (3,'Departamento');
Insert into TBL_TIPOS_LUGARES (CODIGO_TIPO_LUGAR,NOMBRE_TIPO_LUGAR) values (4,'Municipio');
Insert into TBL_TIPOS_LUGARES (CODIGO_TIPO_LUGAR,NOMBRE_TIPO_LUGAR) values (5,'Estado');
Insert into TBL_TIPOS_LUGARES (CODIGO_TIPO_LUGAR,NOMBRE_TIPO_LUGAR) values (6,'Aldea');
REM INSERTING into TBL_BANCOS
SET DEFINE OFF;
Insert into TBL_BANCOS (CODIGO_BANCO,NOMBRE_BANCO) values (3,'Davivienda');
Insert into TBL_BANCOS (CODIGO_BANCO,NOMBRE_BANCO) values (1,'BAC');
Insert into TBL_BANCOS (CODIGO_BANCO,NOMBRE_BANCO) values (2,'Ficosah');
REM INSERTING into TBL_CLASIFICACIONES
SET DEFINE OFF;
Insert into TBL_CLASIFICACIONES (CODIGO_CLASIFICACION,NOMBRE_CLASIFICACION) values (1,'CLASIFICACION 1');
Insert into TBL_CLASIFICACIONES (CODIGO_CLASIFICACION,NOMBRE_CLASIFICACION) values (2,'CLASIFICACION 2');
Insert into TBL_CLASIFICACIONES (CODIGO_CLASIFICACION,NOMBRE_CLASIFICACION) values (3,'CLASIFICACION 3');
REM INSERTING into TBL_ESTADOS_DENUNCIAS
SET DEFINE OFF;
Insert into TBL_ESTADOS_DENUNCIAS (CODIGO_ESTADO_DENUNCIA,NOMBRE_ESTADO_DENUNCIA) values (1,'Pendiente');
Insert into TBL_ESTADOS_DENUNCIAS (CODIGO_ESTADO_DENUNCIA,NOMBRE_ESTADO_DENUNCIA) values (2,'En proceso');
Insert into TBL_ESTADOS_DENUNCIAS (CODIGO_ESTADO_DENUNCIA,NOMBRE_ESTADO_DENUNCIA) values (3,'Aprobada');
Insert into TBL_ESTADOS_DENUNCIAS (CODIGO_ESTADO_DENUNCIA,NOMBRE_ESTADO_DENUNCIA) values (4,'Rechazada');
REM INSERTING into TBL_ESTADOS_USUARIOS
SET DEFINE OFF;
Insert into TBL_ESTADOS_USUARIOS (CODIGO_ESTADO_USUARIO,ESTADO_USUARIO) values (1,'Activo');
Insert into TBL_ESTADOS_USUARIOS (CODIGO_ESTADO_USUARIO,ESTADO_USUARIO) values (2,'Bloqueado');
Insert into TBL_ESTADOS_USUARIOS (CODIGO_ESTADO_USUARIO,ESTADO_USUARIO) values (3,'Inactivo');
REM INSERTING into TBL_ORIGEN_VISUALIZACION
SET DEFINE OFF;
Insert into TBL_ORIGEN_VISUALIZACION (CODIGO_ORIGEN,NOMBRE_ORIGEN) values (1,'Link externo');
Insert into TBL_ORIGEN_VISUALIZACION (CODIGO_ORIGEN,NOMBRE_ORIGEN) values (2,'Facebook');
Insert into TBL_ORIGEN_VISUALIZACION (CODIGO_ORIGEN,NOMBRE_ORIGEN) values (3,'Aplicacion X');
REM INSERTING into TBL_PAISES
SET DEFINE OFF;
Insert into TBL_PAISES (CODIGO_PAIS,NOMBRE_PAIS,ABREVIATURA,LONGITUD,LATITUD) values ('1','Honduras','HN',213424,234234);
REM INSERTING into TBL_PLATAFORMAS_EXTERNAS
SET DEFINE OFF;
Insert into TBL_PLATAFORMAS_EXTERNAS (CODIGO_PLATAFORMA,NOMBRE_PLATAFORMA,URL) values (1,'Facebook','w');
Insert into TBL_PLATAFORMAS_EXTERNAS (CODIGO_PLATAFORMA,NOMBRE_PLATAFORMA,URL) values (2,'Google plus','w');
Insert into TBL_PLATAFORMAS_EXTERNAS (CODIGO_PLATAFORMA,NOMBRE_PLATAFORMA,URL) values (3,'Twitter','w');
Insert into TBL_PLATAFORMAS_EXTERNAS (CODIGO_PLATAFORMA,NOMBRE_PLATAFORMA,URL) values (4,'Instagram','w');
Insert into TBL_PLATAFORMAS_EXTERNAS (CODIGO_PLATAFORMA,NOMBRE_PLATAFORMA,URL) values (5,'LinkedIn','w');
REM INSERTING into TBL_IDIOMAS
SET DEFINE OFF;
Insert into TBL_IDIOMAS (CODIGO_IDIOMA,NOMBRE_IDIOMA,ABREVIATURA) values (1,'Portugues','CH');
Insert into TBL_IDIOMAS (CODIGO_IDIOMA,NOMBRE_IDIOMA,ABREVIATURA) values (2,'Espanol','ES');
Insert into TBL_IDIOMAS (CODIGO_IDIOMA,NOMBRE_IDIOMA,ABREVIATURA) values (3,'Ruso','RU');
Insert into TBL_IDIOMAS (CODIGO_IDIOMA,NOMBRE_IDIOMA,ABREVIATURA) values (4,'Frances','FR');
REM INSERTING into TBL_LUGARES
SET DEFINE OFF;
Insert into TBL_LUGARES (CODIGO_LUGAR,CODIGO_LUGAR_PADRE,CODIGO_TIPO_LUGAR,NOMBRE_LUGAR,ABREVIATURA,LONGITUD,LATITUD) values (1,null,1,'America','A',4564654,4654654);
Insert into TBL_LUGARES (CODIGO_LUGAR,CODIGO_LUGAR_PADRE,CODIGO_TIPO_LUGAR,NOMBRE_LUGAR,ABREVIATURA,LONGITUD,LATITUD) values (2,1,2,'Honduras','HN',234232342,23423);
Insert into TBL_LUGARES (CODIGO_LUGAR,CODIGO_LUGAR_PADRE,CODIGO_TIPO_LUGAR,NOMBRE_LUGAR,ABREVIATURA,LONGITUD,LATITUD) values (3,2,3,'Gracias a Dios','GD',2423,23423);
Insert into TBL_LUGARES (CODIGO_LUGAR,CODIGO_LUGAR_PADRE,CODIGO_TIPO_LUGAR,NOMBRE_LUGAR,ABREVIATURA,LONGITUD,LATITUD) values (4,3,4,'Puerto Lempira','PL',23423,2324);
REM INSERTING into TBL_TENDENCIAS
SET DEFINE OFF;
REM INSERTING into TBL_TIPOS_DENUNCIAS
SET DEFINE OFF;
Insert into TBL_TIPOS_DENUNCIAS (CODIGO_TIPO_DENUNCIA,NOMBRE_TIPO_DENUNCIA) values (1,'Contenido inapropiado');
Insert into TBL_TIPOS_DENUNCIAS (CODIGO_TIPO_DENUNCIA,NOMBRE_TIPO_DENUNCIA) values (2,'Plagio, Derechos de autor');
Insert into TBL_TIPOS_DENUNCIAS (CODIGO_TIPO_DENUNCIA,NOMBRE_TIPO_DENUNCIA) values (3,'Contenido para adultos');
REM INSERTING into TBL_TIPOS_LIKES
SET DEFINE OFF;
Insert into TBL_TIPOS_LIKES (CODIGO_TIPO_LIKE,NOMBRE_TIPO_LIKE) values (1,'Like');
Insert into TBL_TIPOS_LIKES (CODIGO_TIPO_LIKE,NOMBRE_TIPO_LIKE) values (2,'Dislike');
REM INSERTING into TBL_TIPOS_LISTAS_REPRODUCCION
SET DEFINE OFF;
Insert into TBL_TIPOS_LISTAS_REPRODUCCION (CODIGO_TIPO_LISTA,NOMBRE_TIPO_LISTA) values (1,'Lista normal');
REM INSERTING into TBL_TIPOS_PAGO
SET DEFINE OFF;
Insert into TBL_TIPOS_PAGO (CODIGO_TIPO_PAGO,TIPO_PAGO) values (1,'Paypal');
Insert into TBL_TIPOS_PAGO (CODIGO_TIPO_PAGO,TIPO_PAGO) values (2,'Tarjeta Credito');
REM INSERTING into TBL_TIPOS_USUARIOS
SET DEFINE OFF;
Insert into TBL_TIPOS_USUARIOS (CODIGO_TIPO_USUARIO,TIPO_USUARIO) values (1,'NORMAL');
Insert into TBL_TIPOS_USUARIOS (CODIGO_TIPO_USUARIO,TIPO_USUARIO) values (2,'USUARIO QUE SUBE');
Insert into TBL_TIPOS_USUARIOS (CODIGO_TIPO_USUARIO,TIPO_USUARIO) values (3,'USUARIO QUE RECIBE PAGOS');
REM INSERTING into TBL_USUARIO_ETIQUETADOS
SET DEFINE OFF;
REM INSERTING into TBL_USUARIOS
SET DEFINE OFF;
Insert into TBL_USUARIOS (CODIGO_USUARIO,CODIGO_LUGAR,CODIGO_TIPO_USUARIO,CODIGO_ESTADO_USUARIO,NOMBRE,APELLIDO,USUARIO,CORREO_ELECTRONICO,PASSWORD,SEXO,FECHA_NACIMIENTO,FECHA_REGISTRO,TELEFONO) values (4,4,1,1,'Matusalen','Ruiz','donmatu','correo@gmail.com','asd.456','M',to_date('15-08-16','DD-MM-RR'),to_date('13-05-16','DD-MM-RR'),'123');
Insert into TBL_USUARIOS (CODIGO_USUARIO,CODIGO_LUGAR,CODIGO_TIPO_USUARIO,CODIGO_ESTADO_USUARIO,NOMBRE,APELLIDO,USUARIO,CORREO_ELECTRONICO,PASSWORD,SEXO,FECHA_NACIMIENTO,FECHA_REGISTRO,TELEFONO) values (5,4,2,1,'Juan','Lainez','donjuan','correo@gmail.com','asd.456','M',to_date('15-08-16','DD-MM-RR'),to_date('22-04-16','DD-MM-RR'),'123');
Insert into TBL_USUARIOS (CODIGO_USUARIO,CODIGO_LUGAR,CODIGO_TIPO_USUARIO,CODIGO_ESTADO_USUARIO,NOMBRE,APELLIDO,USUARIO,CORREO_ELECTRONICO,PASSWORD,SEXO,FECHA_NACIMIENTO,FECHA_REGISTRO,TELEFONO) values (6,4,3,1,'Pedro','Obama','pobama','correo@gmail.com','asd.456','M',to_date('15-08-16','DD-MM-RR'),to_date('04-04-14','DD-MM-RR'),'123');
Insert into TBL_USUARIOS (CODIGO_USUARIO,CODIGO_LUGAR,CODIGO_TIPO_USUARIO,CODIGO_ESTADO_USUARIO,NOMBRE,APELLIDO,USUARIO,CORREO_ELECTRONICO,PASSWORD,SEXO,FECHA_NACIMIENTO,FECHA_REGISTRO,TELEFONO) values (7,4,1,1,'Maria','Jimenez','majimenez','correo@gmail.com','asd.456','F',to_date('15-08-16','DD-MM-RR'),to_date('09-01-07','DD-MM-RR'),'123');
Insert into TBL_USUARIOS (CODIGO_USUARIO,CODIGO_LUGAR,CODIGO_TIPO_USUARIO,CODIGO_ESTADO_USUARIO,NOMBRE,APELLIDO,USUARIO,CORREO_ELECTRONICO,PASSWORD,SEXO,FECHA_NACIMIENTO,FECHA_REGISTRO,TELEFONO) values (8,4,2,2,'Luis','Lopez','luislo','correo@gmail.com','asd.456','M',to_date('15-08-16','DD-MM-RR'),to_date('29-04-15','DD-MM-RR'),'123');
Insert into TBL_USUARIOS (CODIGO_USUARIO,CODIGO_LUGAR,CODIGO_TIPO_USUARIO,CODIGO_ESTADO_USUARIO,NOMBRE,APELLIDO,USUARIO,CORREO_ELECTRONICO,PASSWORD,SEXO,FECHA_NACIMIENTO,FECHA_REGISTRO,TELEFONO) values (9,4,3,2,'Yorleny','Escobar','yorlescobar','correo@gmail.com','asd.456','F',to_date('15-08-16','DD-MM-RR'),to_date('31-7-13','DD-MM-RR'),'123');
Insert into TBL_USUARIOS (CODIGO_USUARIO,CODIGO_LUGAR,CODIGO_TIPO_USUARIO,CODIGO_ESTADO_USUARIO,NOMBRE,APELLIDO,USUARIO,CORREO_ELECTRONICO,PASSWORD,SEXO,FECHA_NACIMIENTO,FECHA_REGISTRO,TELEFONO) values (10,4,1,1,'Yaritza','Martinez','yari','correo@gmail.com','asd.456','F',to_date('15-08-16','DD-MM-RR'),to_date('09-03-16','DD-MM-RR'),'123');
Insert into TBL_USUARIOS (CODIGO_USUARIO,CODIGO_LUGAR,CODIGO_TIPO_USUARIO,CODIGO_ESTADO_USUARIO,NOMBRE,APELLIDO,USUARIO,CORREO_ELECTRONICO,PASSWORD,SEXO,FECHA_NACIMIENTO,FECHA_REGISTRO,TELEFONO) values (1,4,1,1,'Brayan','Perez','elbrayan','correo@gmail.com','asd.456','M',to_date('11-08-16','DD-MM-RR'),to_date('18-08-16','DD-MM-RR'),'123');
Insert into TBL_USUARIOS (CODIGO_USUARIO,CODIGO_LUGAR,CODIGO_TIPO_USUARIO,CODIGO_ESTADO_USUARIO,NOMBRE,APELLIDO,USUARIO,CORREO_ELECTRONICO,PASSWORD,SEXO,FECHA_NACIMIENTO,FECHA_REGISTRO,TELEFONO) values (2,4,2,1,'Kevin','Rodriguez','elkevin','correo@gmail.com','asd.456','M',to_date('13-08-16','DD-MM-RR'),to_date('07-08-16','DD-MM-RR'),'123');
Insert into TBL_USUARIOS (CODIGO_USUARIO,CODIGO_LUGAR,CODIGO_TIPO_USUARIO,CODIGO_ESTADO_USUARIO,NOMBRE,APELLIDO,USUARIO,CORREO_ELECTRONICO,PASSWORD,SEXO,FECHA_NACIMIENTO,FECHA_REGISTRO,TELEFONO) values (3,4,3,2,'Kimberly','Lopez','lakimberly','correo@gmail.com','asd.456','F',to_date('15-08-16','DD-MM-RR'),to_date('20-08-16','DD-MM-RR'),'123');
REM INSERTING into TBL_CANALES
SET DEFINE OFF;
Insert into TBL_CANALES (CODIGO_CANAL,CODIGO_USUARIO,NOMBRE_CANAL,DESCRIPCION,CANTIDAD_SUSCRIPTORES,FECHA_CREACION,URL_CANAL) values (2,10,'Puro Rock','Lorem ipsum',34345,to_date('23-08-16','DD-MM-RR'),'http://com/dfasdfasd');
Insert into TBL_CANALES (CODIGO_CANAL,CODIGO_USUARIO,NOMBRE_CANAL,DESCRIPCION,CANTIDAD_SUSCRIPTORES,FECHA_CREACION,URL_CANAL) values (3,9,'Puro Metal','Lorem ipsum',34534565,to_date('23-08-16','DD-MM-RR'),'http://com/dfasdfasd');
Insert into TBL_CANALES (CODIGO_CANAL,CODIGO_USUARIO,NOMBRE_CANAL,DESCRIPCION,CANTIDAD_SUSCRIPTORES,FECHA_CREACION,URL_CANAL) values (4,8,'Puro Pop','Lorem ipsum',5675,to_date('23-08-16','DD-MM-RR'),'http://com/dfasdfasd');
Insert into TBL_CANALES (CODIGO_CANAL,CODIGO_USUARIO,NOMBRE_CANAL,DESCRIPCION,CANTIDAD_SUSCRIPTORES,FECHA_CREACION,URL_CANAL) values (5,7,'Romanticas extremas','Lorem ipsum',76867,to_date('23-08-16','DD-MM-RR'),'http://com/dfasdfasd');
Insert into TBL_CANALES (CODIGO_CANAL,CODIGO_USUARIO,NOMBRE_CANAL,DESCRIPCION,CANTIDAD_SUSCRIPTORES,FECHA_CREACION,URL_CANAL) values (6,6,'Cortavenas','Lorem ipsum',89678967,to_date('23-08-16','DD-MM-RR'),'http://com/dfasdfasd');
Insert into TBL_CANALES (CODIGO_CANAL,CODIGO_USUARIO,NOMBRE_CANAL,DESCRIPCION,CANTIDAD_SUSCRIPTORES,FECHA_CREACION,URL_CANAL) values (7,5,'Tutoriales Oracle','Lorem ipsum',789789,to_date('23-08-16','DD-MM-RR'),'http://com/dfasdfasd');
Insert into TBL_CANALES (CODIGO_CANAL,CODIGO_USUARIO,NOMBRE_CANAL,DESCRIPCION,CANTIDAD_SUSCRIPTORES,FECHA_CREACION,URL_CANAL) values (8,4,'Tutoriales facilito.com','Lorem ipsum',89678,to_date('23-08-16','DD-MM-RR'),'http://com/dfasdfasd');
Insert into TBL_CANALES (CODIGO_CANAL,CODIGO_USUARIO,NOMBRE_CANAL,DESCRIPCION,CANTIDAD_SUSCRIPTORES,FECHA_CREACION,URL_CANAL) values (9,3,'Tutoriales para bordar','Lorem ipsum',77689,to_date('23-08-16','DD-MM-RR'),'http://com/dfasdfasd');
Insert into TBL_CANALES (CODIGO_CANAL,CODIGO_USUARIO,NOMBRE_CANAL,DESCRIPCION,CANTIDAD_SUSCRIPTORES,FECHA_CREACION,URL_CANAL) values (10,2,'Tutoriales para hacer origami','Lorem ipsum',67789679,to_date('23-08-16','DD-MM-RR'),'http://com/dfasdfasd');
Insert into TBL_CANALES (CODIGO_CANAL,CODIGO_USUARIO,NOMBRE_CANAL,DESCRIPCION,CANTIDAD_SUSCRIPTORES,FECHA_CREACION,URL_CANAL) values (1,1,'Puro queso','Se reparte queso, quesillo y mantequilla',3134123412,to_date('23-08-16','DD-MM-RR'),'http://com/dfasdfasd');
REM INSERTING into TBL_VIDEOS
SET DEFINE OFF;
Insert into TBL_VIDEOS (CODIGO_VIDEO,CODIGO_USUARIO,CODIGO_ESTADO_VIDEO,CODIGO_IDIOMA,CODIGO_CANAL,NOMBRE_VIDEO,RESOLUCION,DURACION_SEGUNDOS,CANTIDAD_LIKES,CANTIDAD_DISLIKES,CANTIDAD_VISUALIZACIONES,FECHA_SUBIDA,DESCRIPCION,CANTIDAD_SHARES,URL) values (5,10,1,1,2,'Video 5',1080,120,3453,123,345,to_date('23-08-16','DD-MM-RR'),'Solo buen material',3345,'http://com/asdasdasd');
Insert into TBL_VIDEOS (CODIGO_VIDEO,CODIGO_USUARIO,CODIGO_ESTADO_VIDEO,CODIGO_IDIOMA,CODIGO_CANAL,NOMBRE_VIDEO,RESOLUCION,DURACION_SEGUNDOS,CANTIDAD_LIKES,CANTIDAD_DISLIKES,CANTIDAD_VISUALIZACIONES,FECHA_SUBIDA,DESCRIPCION,CANTIDAD_SHARES,URL) values (6,9,1,1,3,'Video 6',1080,120,353465,43,34,to_date('23-08-16','DD-MM-RR'),'Solo buen material',456,'http://com/asdasdasd');
Insert into TBL_VIDEOS (CODIGO_VIDEO,CODIGO_USUARIO,CODIGO_ESTADO_VIDEO,CODIGO_IDIOMA,CODIGO_CANAL,NOMBRE_VIDEO,RESOLUCION,DURACION_SEGUNDOS,CANTIDAD_LIKES,CANTIDAD_DISLIKES,CANTIDAD_VISUALIZACIONES,FECHA_SUBIDA,DESCRIPCION,CANTIDAD_SHARES,URL) values (7,8,1,2,4,'Video 7',1080,120,5678,35,53,to_date('23-08-16','DD-MM-RR'),'Solo buen material',467,'http://com/asdasdasd');
Insert into TBL_VIDEOS (CODIGO_VIDEO,CODIGO_USUARIO,CODIGO_ESTADO_VIDEO,CODIGO_IDIOMA,CODIGO_CANAL,NOMBRE_VIDEO,RESOLUCION,DURACION_SEGUNDOS,CANTIDAD_LIKES,CANTIDAD_DISLIKES,CANTIDAD_VISUALIZACIONES,FECHA_SUBIDA,DESCRIPCION,CANTIDAD_SHARES,URL) values (8,7,1,1,3,'Video 8',1080,120,68,4,546,to_date('23-08-16','DD-MM-RR'),'Solo buen material',567867,'http://com/asdasdasd');
Insert into TBL_VIDEOS (CODIGO_VIDEO,CODIGO_USUARIO,CODIGO_ESTADO_VIDEO,CODIGO_IDIOMA,CODIGO_CANAL,NOMBRE_VIDEO,RESOLUCION,DURACION_SEGUNDOS,CANTIDAD_LIKES,CANTIDAD_DISLIKES,CANTIDAD_VISUALIZACIONES,FECHA_SUBIDA,DESCRIPCION,CANTIDAD_SHARES,URL) values (9,6,1,1,3,'Video 9',1080,120,6789,65,65,to_date('23-08-16','DD-MM-RR'),'Solo buen material',886,'http://com/asdasdasd');
Insert into TBL_VIDEOS (CODIGO_VIDEO,CODIGO_USUARIO,CODIGO_ESTADO_VIDEO,CODIGO_IDIOMA,CODIGO_CANAL,NOMBRE_VIDEO,RESOLUCION,DURACION_SEGUNDOS,CANTIDAD_LIKES,CANTIDAD_DISLIKES,CANTIDAD_VISUALIZACIONES,FECHA_SUBIDA,DESCRIPCION,CANTIDAD_SHARES,URL) values (10,6,1,1,3,'Video 10',1080,120,78,6678,867,to_date('23-08-16','DD-MM-RR'),'Solo buen material',7867,'http://com/asdasdasd');
Insert into TBL_VIDEOS (CODIGO_VIDEO,CODIGO_USUARIO,CODIGO_ESTADO_VIDEO,CODIGO_IDIOMA,CODIGO_CANAL,NOMBRE_VIDEO,RESOLUCION,DURACION_SEGUNDOS,CANTIDAD_LIKES,CANTIDAD_DISLIKES,CANTIDAD_VISUALIZACIONES,FECHA_SUBIDA,DESCRIPCION,CANTIDAD_SHARES,URL) values (11,6,1,1,3,'Video 11',1080,120,9,9,89,to_date('23-08-16','DD-MM-RR'),'Solo buen material',7,'http://com/asdasdasd');
Insert into TBL_VIDEOS (CODIGO_VIDEO,CODIGO_USUARIO,CODIGO_ESTADO_VIDEO,CODIGO_IDIOMA,CODIGO_CANAL,NOMBRE_VIDEO,RESOLUCION,DURACION_SEGUNDOS,CANTIDAD_LIKES,CANTIDAD_DISLIKES,CANTIDAD_VISUALIZACIONES,FECHA_SUBIDA,DESCRIPCION,CANTIDAD_SHARES,URL) values (12,5,1,1,2,'Video 12',1080,120,89,89,790,to_date('23-08-16','DD-MM-RR'),'Solo buen material',9,'http://com/asdasdasd');
Insert into TBL_VIDEOS (CODIGO_VIDEO,CODIGO_USUARIO,CODIGO_ESTADO_VIDEO,CODIGO_IDIOMA,CODIGO_CANAL,NOMBRE_VIDEO,RESOLUCION,DURACION_SEGUNDOS,CANTIDAD_LIKES,CANTIDAD_DISLIKES,CANTIDAD_VISUALIZACIONES,FECHA_SUBIDA,DESCRIPCION,CANTIDAD_SHARES,URL) values (13,5,2,2,2,'Video 13',1080,120,7,9,80,to_date('23-08-16','DD-MM-RR'),'Solo buen material',6,'http://com/asdasdasd');
Insert into TBL_VIDEOS (CODIGO_VIDEO,CODIGO_USUARIO,CODIGO_ESTADO_VIDEO,CODIGO_IDIOMA,CODIGO_CANAL,NOMBRE_VIDEO,RESOLUCION,DURACION_SEGUNDOS,CANTIDAD_LIKES,CANTIDAD_DISLIKES,CANTIDAD_VISUALIZACIONES,FECHA_SUBIDA,DESCRIPCION,CANTIDAD_SHARES,URL) values (14,4,2,1,2,'Video 14',1080,120,67,9,987,to_date('23-08-16','DD-MM-RR'),'Solo buen material',57,'http://com/asdasdasd');
Insert into TBL_VIDEOS (CODIGO_VIDEO,CODIGO_USUARIO,CODIGO_ESTADO_VIDEO,CODIGO_IDIOMA,CODIGO_CANAL,NOMBRE_VIDEO,RESOLUCION,DURACION_SEGUNDOS,CANTIDAD_LIKES,CANTIDAD_DISLIKES,CANTIDAD_VISUALIZACIONES,FECHA_SUBIDA,DESCRIPCION,CANTIDAD_SHARES,URL) values (15,3,2,2,2,'Video 15',1080,120,889,9,90,to_date('23-08-16','DD-MM-RR'),'Solo buen material',657,'http://com/asdasdasd');
Insert into TBL_VIDEOS (CODIGO_VIDEO,CODIGO_USUARIO,CODIGO_ESTADO_VIDEO,CODIGO_IDIOMA,CODIGO_CANAL,NOMBRE_VIDEO,RESOLUCION,DURACION_SEGUNDOS,CANTIDAD_LIKES,CANTIDAD_DISLIKES,CANTIDAD_VISUALIZACIONES,FECHA_SUBIDA,DESCRIPCION,CANTIDAD_SHARES,URL) values (16,3,2,1,2,'Video 16',1080,120,6789,9,7,to_date('23-08-16','DD-MM-RR'),'Solo buen material',6,'http://com/asdasdasd');
Insert into TBL_VIDEOS (CODIGO_VIDEO,CODIGO_USUARIO,CODIGO_ESTADO_VIDEO,CODIGO_IDIOMA,CODIGO_CANAL,NOMBRE_VIDEO,RESOLUCION,DURACION_SEGUNDOS,CANTIDAD_LIKES,CANTIDAD_DISLIKES,CANTIDAD_VISUALIZACIONES,FECHA_SUBIDA,DESCRIPCION,CANTIDAD_SHARES,URL) values (17,3,1,1,4,'Video 17',1080,120,678,8,5567,to_date('23-08-16','DD-MM-RR'),'Solo buen material',7,'http://com/asdasdasd');
Insert into TBL_VIDEOS (CODIGO_VIDEO,CODIGO_USUARIO,CODIGO_ESTADO_VIDEO,CODIGO_IDIOMA,CODIGO_CANAL,NOMBRE_VIDEO,RESOLUCION,DURACION_SEGUNDOS,CANTIDAD_LIKES,CANTIDAD_DISLIKES,CANTIDAD_VISUALIZACIONES,FECHA_SUBIDA,DESCRIPCION,CANTIDAD_SHARES,URL) values (18,3,1,1,4,'Video 18',1080,120,967,7,657,to_date('23-08-16','DD-MM-RR'),'Solo buen material',4,'http://com/asdasdasd');
Insert into TBL_VIDEOS (CODIGO_VIDEO,CODIGO_USUARIO,CODIGO_ESTADO_VIDEO,CODIGO_IDIOMA,CODIGO_CANAL,NOMBRE_VIDEO,RESOLUCION,DURACION_SEGUNDOS,CANTIDAD_LIKES,CANTIDAD_DISLIKES,CANTIDAD_VISUALIZACIONES,FECHA_SUBIDA,DESCRIPCION,CANTIDAD_SHARES,URL) values (19,2,1,1,4,'Video 19',1080,120,896,776,67,to_date('23-08-16','DD-MM-RR'),'Solo buen material',545,'http://com/asdasdasd');
Insert into TBL_VIDEOS (CODIGO_VIDEO,CODIGO_USUARIO,CODIGO_ESTADO_VIDEO,CODIGO_IDIOMA,CODIGO_CANAL,NOMBRE_VIDEO,RESOLUCION,DURACION_SEGUNDOS,CANTIDAD_LIKES,CANTIDAD_DISLIKES,CANTIDAD_VISUALIZACIONES,FECHA_SUBIDA,DESCRIPCION,CANTIDAD_SHARES,URL) values (20,2,3,1,4,'Video 20',1080,120,77896,6,5,to_date('23-08-16','DD-MM-RR'),'Solo buen material',5576,'http://com/asdasdasd');
Insert into TBL_VIDEOS (CODIGO_VIDEO,CODIGO_USUARIO,CODIGO_ESTADO_VIDEO,CODIGO_IDIOMA,CODIGO_CANAL,NOMBRE_VIDEO,RESOLUCION,DURACION_SEGUNDOS,CANTIDAD_LIKES,CANTIDAD_DISLIKES,CANTIDAD_VISUALIZACIONES,FECHA_SUBIDA,DESCRIPCION,CANTIDAD_SHARES,URL) values (1,1,1,1,1,'Gasolina',1080,120,3242323,23,235345634,to_date('23-08-16','DD-MM-RR'),'Solo buen material',234,'http://com/asdasdasd');
Insert into TBL_VIDEOS (CODIGO_VIDEO,CODIGO_USUARIO,CODIGO_ESTADO_VIDEO,CODIGO_IDIOMA,CODIGO_CANAL,NOMBRE_VIDEO,RESOLUCION,DURACION_SEGUNDOS,CANTIDAD_LIKES,CANTIDAD_DISLIKES,CANTIDAD_VISUALIZACIONES,FECHA_SUBIDA,DESCRIPCION,CANTIDAD_SHARES,URL) values (2,1,1,1,1,'Gata Fiera',1080,120,234234,243,33456345,to_date('23-08-16','DD-MM-RR'),'Solo buen material',23423,'http://com/asdasdasd');
Insert into TBL_VIDEOS (CODIGO_VIDEO,CODIGO_USUARIO,CODIGO_ESTADO_VIDEO,CODIGO_IDIOMA,CODIGO_CANAL,NOMBRE_VIDEO,RESOLUCION,DURACION_SEGUNDOS,CANTIDAD_LIKES,CANTIDAD_DISLIKES,CANTIDAD_VISUALIZACIONES,FECHA_SUBIDA,DESCRIPCION,CANTIDAD_SHARES,URL) values (3,1,1,1,1,'Perreo intenso',1080,120,34534,54,3456435,to_date('23-08-16','DD-MM-RR'),'Solo buen material',2342,'http://com/asdasdasd');
Insert into TBL_VIDEOS (CODIGO_VIDEO,CODIGO_USUARIO,CODIGO_ESTADO_VIDEO,CODIGO_IDIOMA,CODIGO_CANAL,NOMBRE_VIDEO,RESOLUCION,DURACION_SEGUNDOS,CANTIDAD_LIKES,CANTIDAD_DISLIKES,CANTIDAD_VISUALIZACIONES,FECHA_SUBIDA,DESCRIPCION,CANTIDAD_SHARES,URL) values (4,1,1,1,1,'Baladas de queso',1080,120,5645645,45,4356345,to_date('23-08-16','DD-MM-RR'),'Solo buen material',2342,'http://com/asdasdasd');
REM INSERTING into TBL_CLASIFICACIONES_X_VIDEO
SET DEFINE OFF;
REM INSERTING into TBL_COMENTARIOS
SET DEFINE OFF;
Insert into TBL_COMENTARIOS (CODIGO_COMENTARIO,CODIGO_COMENTARIO_PADRE,CODIGO_USUARIO,CODIGO_VIDEO,COMENTARIO,FECHA_PUBLICACION,CANTIDAD_LIKES) values (1,null,7,20,'Lorem ipsum',to_date('13-10-16','DD-MM-RR'),123);
Insert into TBL_COMENTARIOS (CODIGO_COMENTARIO,CODIGO_COMENTARIO_PADRE,CODIGO_USUARIO,CODIGO_VIDEO,COMENTARIO,FECHA_PUBLICACION,CANTIDAD_LIKES) values (2,null,8,12,'Lorem ipsum',to_date('13-10-16','DD-MM-RR'),1234);
Insert into TBL_COMENTARIOS (CODIGO_COMENTARIO,CODIGO_COMENTARIO_PADRE,CODIGO_USUARIO,CODIGO_VIDEO,COMENTARIO,FECHA_PUBLICACION,CANTIDAD_LIKES) values (3,null,9,10,'Lorem ipsum',to_date('13-10-16','DD-MM-RR'),23412);
Insert into TBL_COMENTARIOS (CODIGO_COMENTARIO,CODIGO_COMENTARIO_PADRE,CODIGO_USUARIO,CODIGO_VIDEO,COMENTARIO,FECHA_PUBLICACION,CANTIDAD_LIKES) values (4,null,1,4,'Lorem ipsum',to_date('13-10-16','DD-MM-RR'),12341);
Insert into TBL_COMENTARIOS (CODIGO_COMENTARIO,CODIGO_COMENTARIO_PADRE,CODIGO_USUARIO,CODIGO_VIDEO,COMENTARIO,FECHA_PUBLICACION,CANTIDAD_LIKES) values (5,null,2,3,'Lorem ipsum',to_date('13-10-16','DD-MM-RR'),1234);
Insert into TBL_COMENTARIOS (CODIGO_COMENTARIO,CODIGO_COMENTARIO_PADRE,CODIGO_USUARIO,CODIGO_VIDEO,COMENTARIO,FECHA_PUBLICACION,CANTIDAD_LIKES) values (6,null,3,2,'Lorem ipsum',to_date('13-10-16','DD-MM-RR'),123);
Insert into TBL_COMENTARIOS (CODIGO_COMENTARIO,CODIGO_COMENTARIO_PADRE,CODIGO_USUARIO,CODIGO_VIDEO,COMENTARIO,FECHA_PUBLICACION,CANTIDAD_LIKES) values (7,null,4,1,'Lorem ipsum',to_date('13-10-16','DD-MM-RR'),2134);
REM INSERTING into TBL_CUENTAS_BANCARIAS
SET DEFINE OFF;
REM INSERTING into TBL_DENUNCIAS
SET DEFINE OFF;
REM INSERTING into TBL_ESTADOS_VIDEOS_X_LUGARES
SET DEFINE OFF;
REM INSERTING into TBL_HISTORIAL_VIDEOS
SET DEFINE OFF;
Insert into TBL_HISTORIAL_VIDEOS (CODIGO_HISTORIAL,CODIGO_VIDEO,CODIGO_USUARIO,CODIGO_ORIGEN,FECHA_HORA_VISUALIZACION,TIEMPO_VISUALIZACION_SEGUNDOS) values (1,1,1,1,to_date('01-10-16','DD-MM-RR'),22);
Insert into TBL_HISTORIAL_VIDEOS (CODIGO_HISTORIAL,CODIGO_VIDEO,CODIGO_USUARIO,CODIGO_ORIGEN,FECHA_HORA_VISUALIZACION,TIEMPO_VISUALIZACION_SEGUNDOS) values (2,1,1,1,to_date('01-10-16','DD-MM-RR'),22);
Insert into TBL_HISTORIAL_VIDEOS (CODIGO_HISTORIAL,CODIGO_VIDEO,CODIGO_USUARIO,CODIGO_ORIGEN,FECHA_HORA_VISUALIZACION,TIEMPO_VISUALIZACION_SEGUNDOS) values (3,1,1,1,to_date('01-10-16','DD-MM-RR'),22);
Insert into TBL_HISTORIAL_VIDEOS (CODIGO_HISTORIAL,CODIGO_VIDEO,CODIGO_USUARIO,CODIGO_ORIGEN,FECHA_HORA_VISUALIZACION,TIEMPO_VISUALIZACION_SEGUNDOS) values (4,1,2,1,to_date('01-10-16','DD-MM-RR'),22);
Insert into TBL_HISTORIAL_VIDEOS (CODIGO_HISTORIAL,CODIGO_VIDEO,CODIGO_USUARIO,CODIGO_ORIGEN,FECHA_HORA_VISUALIZACION,TIEMPO_VISUALIZACION_SEGUNDOS) values (5,1,2,1,to_date('01-10-16','DD-MM-RR'),22);
Insert into TBL_HISTORIAL_VIDEOS (CODIGO_HISTORIAL,CODIGO_VIDEO,CODIGO_USUARIO,CODIGO_ORIGEN,FECHA_HORA_VISUALIZACION,TIEMPO_VISUALIZACION_SEGUNDOS) values (6,1,2,1,to_date('01-10-16','DD-MM-RR'),22);
Insert into TBL_HISTORIAL_VIDEOS (CODIGO_HISTORIAL,CODIGO_VIDEO,CODIGO_USUARIO,CODIGO_ORIGEN,FECHA_HORA_VISUALIZACION,TIEMPO_VISUALIZACION_SEGUNDOS) values (7,2,1,1,to_date('01-10-16','DD-MM-RR'),22);
Insert into TBL_HISTORIAL_VIDEOS (CODIGO_HISTORIAL,CODIGO_VIDEO,CODIGO_USUARIO,CODIGO_ORIGEN,FECHA_HORA_VISUALIZACION,TIEMPO_VISUALIZACION_SEGUNDOS) values (8,2,1,1,to_date('01-10-16','DD-MM-RR'),22);
Insert into TBL_HISTORIAL_VIDEOS (CODIGO_HISTORIAL,CODIGO_VIDEO,CODIGO_USUARIO,CODIGO_ORIGEN,FECHA_HORA_VISUALIZACION,TIEMPO_VISUALIZACION_SEGUNDOS) values (9,2,1,1,to_date('01-10-16','DD-MM-RR'),22);
Insert into TBL_HISTORIAL_VIDEOS (CODIGO_HISTORIAL,CODIGO_VIDEO,CODIGO_USUARIO,CODIGO_ORIGEN,FECHA_HORA_VISUALIZACION,TIEMPO_VISUALIZACION_SEGUNDOS) values (10,3,2,1,to_date('01-10-16','DD-MM-RR'),22);
Insert into TBL_HISTORIAL_VIDEOS (CODIGO_HISTORIAL,CODIGO_VIDEO,CODIGO_USUARIO,CODIGO_ORIGEN,FECHA_HORA_VISUALIZACION,TIEMPO_VISUALIZACION_SEGUNDOS) values (11,3,2,1,to_date('01-10-16','DD-MM-RR'),22);
Insert into TBL_HISTORIAL_VIDEOS (CODIGO_HISTORIAL,CODIGO_VIDEO,CODIGO_USUARIO,CODIGO_ORIGEN,FECHA_HORA_VISUALIZACION,TIEMPO_VISUALIZACION_SEGUNDOS) values (12,3,2,1,to_date('01-10-16','DD-MM-RR'),22);
Insert into TBL_HISTORIAL_VIDEOS (CODIGO_HISTORIAL,CODIGO_VIDEO,CODIGO_USUARIO,CODIGO_ORIGEN,FECHA_HORA_VISUALIZACION,TIEMPO_VISUALIZACION_SEGUNDOS) values (13,3,2,1,to_date('01-10-16','DD-MM-RR'),22);
Insert into TBL_HISTORIAL_VIDEOS (CODIGO_HISTORIAL,CODIGO_VIDEO,CODIGO_USUARIO,CODIGO_ORIGEN,FECHA_HORA_VISUALIZACION,TIEMPO_VISUALIZACION_SEGUNDOS) values (14,4,3,1,to_date('01-10-16','DD-MM-RR'),22);
Insert into TBL_HISTORIAL_VIDEOS (CODIGO_HISTORIAL,CODIGO_VIDEO,CODIGO_USUARIO,CODIGO_ORIGEN,FECHA_HORA_VISUALIZACION,TIEMPO_VISUALIZACION_SEGUNDOS) values (15,4,3,1,to_date('01-10-16','DD-MM-RR'),22);
Insert into TBL_HISTORIAL_VIDEOS (CODIGO_HISTORIAL,CODIGO_VIDEO,CODIGO_USUARIO,CODIGO_ORIGEN,FECHA_HORA_VISUALIZACION,TIEMPO_VISUALIZACION_SEGUNDOS) values (16,4,3,1,to_date('01-10-16','DD-MM-RR'),22);
Insert into TBL_HISTORIAL_VIDEOS (CODIGO_HISTORIAL,CODIGO_VIDEO,CODIGO_USUARIO,CODIGO_ORIGEN,FECHA_HORA_VISUALIZACION,TIEMPO_VISUALIZACION_SEGUNDOS) values (17,4,3,1,to_date('01-10-16','DD-MM-RR'),22);
Insert into TBL_HISTORIAL_VIDEOS (CODIGO_HISTORIAL,CODIGO_VIDEO,CODIGO_USUARIO,CODIGO_ORIGEN,FECHA_HORA_VISUALIZACION,TIEMPO_VISUALIZACION_SEGUNDOS) values (18,4,3,1,to_date('01-10-16','DD-MM-RR'),22);
Insert into TBL_HISTORIAL_VIDEOS (CODIGO_HISTORIAL,CODIGO_VIDEO,CODIGO_USUARIO,CODIGO_ORIGEN,FECHA_HORA_VISUALIZACION,TIEMPO_VISUALIZACION_SEGUNDOS) values (19,5,3,1,to_date('01-10-16','DD-MM-RR'),22);
Insert into TBL_HISTORIAL_VIDEOS (CODIGO_HISTORIAL,CODIGO_VIDEO,CODIGO_USUARIO,CODIGO_ORIGEN,FECHA_HORA_VISUALIZACION,TIEMPO_VISUALIZACION_SEGUNDOS) values (20,5,4,1,to_date('01-10-16','DD-MM-RR'),22);

REM INSERTING into TBL_LIKES
SET DEFINE OFF;
Insert into TBL_LIKES (CODIGO_VIDEO,CODIGO_COMENTARIO,CODIGO_USUARIO,CODIGO_TIPO_LIKE,FECHA_EVENTO) values (1,null,3,1,to_date('08-10-16','DD-MM-RR'));
Insert into TBL_LIKES (CODIGO_VIDEO,CODIGO_COMENTARIO,CODIGO_USUARIO,CODIGO_TIPO_LIKE,FECHA_EVENTO) values (1,null,4,2,to_date('08-10-16','DD-MM-RR'));
Insert into TBL_LIKES (CODIGO_VIDEO,CODIGO_COMENTARIO,CODIGO_USUARIO,CODIGO_TIPO_LIKE,FECHA_EVENTO) values (1,null,5,1,to_date('08-10-16','DD-MM-RR'));
Insert into TBL_LIKES (CODIGO_VIDEO,CODIGO_COMENTARIO,CODIGO_USUARIO,CODIGO_TIPO_LIKE,FECHA_EVENTO) values (1,null,6,2,to_date('08-10-16','DD-MM-RR'));
Insert into TBL_LIKES (CODIGO_VIDEO,CODIGO_COMENTARIO,CODIGO_USUARIO,CODIGO_TIPO_LIKE,FECHA_EVENTO) values (2,null,7,1,to_date('08-10-16','DD-MM-RR'));
Insert into TBL_LIKES (CODIGO_VIDEO,CODIGO_COMENTARIO,CODIGO_USUARIO,CODIGO_TIPO_LIKE,FECHA_EVENTO) values (2,null,8,2,to_date('08-10-16','DD-MM-RR'));
Insert into TBL_LIKES (CODIGO_VIDEO,CODIGO_COMENTARIO,CODIGO_USUARIO,CODIGO_TIPO_LIKE,FECHA_EVENTO) values (2,null,9,1,to_date('08-10-16','DD-MM-RR'));
Insert into TBL_LIKES (CODIGO_VIDEO,CODIGO_COMENTARIO,CODIGO_USUARIO,CODIGO_TIPO_LIKE,FECHA_EVENTO) values (2,null,10,2,to_date('08-10-16','DD-MM-RR'));
Insert into TBL_LIKES (CODIGO_VIDEO,CODIGO_COMENTARIO,CODIGO_USUARIO,CODIGO_TIPO_LIKE,FECHA_EVENTO) values (2,null,2,1,to_date('08-10-16','DD-MM-RR'));
Insert into TBL_LIKES (CODIGO_VIDEO,CODIGO_COMENTARIO,CODIGO_USUARIO,CODIGO_TIPO_LIKE,FECHA_EVENTO) values (3,null,4,2,to_date('08-10-16','DD-MM-RR'));
Insert into TBL_LIKES (CODIGO_VIDEO,CODIGO_COMENTARIO,CODIGO_USUARIO,CODIGO_TIPO_LIKE,FECHA_EVENTO) values (3,null,1,1,to_date('08-10-16','DD-MM-RR'));
Insert into TBL_LIKES (CODIGO_VIDEO,CODIGO_COMENTARIO,CODIGO_USUARIO,CODIGO_TIPO_LIKE,FECHA_EVENTO) values (3,null,2,1,to_date('08-10-16','DD-MM-RR'));
Insert into TBL_LIKES (CODIGO_VIDEO,CODIGO_COMENTARIO,CODIGO_USUARIO,CODIGO_TIPO_LIKE,FECHA_EVENTO) values (3,null,3,1,to_date('08-10-16','DD-MM-RR'));
Insert into TBL_LIKES (CODIGO_VIDEO,CODIGO_COMENTARIO,CODIGO_USUARIO,CODIGO_TIPO_LIKE,FECHA_EVENTO) values (4,null,4,1,to_date('08-10-16','DD-MM-RR'));
Insert into TBL_LIKES (CODIGO_VIDEO,CODIGO_COMENTARIO,CODIGO_USUARIO,CODIGO_TIPO_LIKE,FECHA_EVENTO) values (4,null,5,1,to_date('08-10-16','DD-MM-RR'));
Insert into TBL_LIKES (CODIGO_VIDEO,CODIGO_COMENTARIO,CODIGO_USUARIO,CODIGO_TIPO_LIKE,FECHA_EVENTO) values (6,null,6,2,to_date('08-10-16','DD-MM-RR'));
Insert into TBL_LIKES (CODIGO_VIDEO,CODIGO_COMENTARIO,CODIGO_USUARIO,CODIGO_TIPO_LIKE,FECHA_EVENTO) values (6,null,7,2,to_date('08-10-16','DD-MM-RR'));
Insert into TBL_LIKES (CODIGO_VIDEO,CODIGO_COMENTARIO,CODIGO_USUARIO,CODIGO_TIPO_LIKE,FECHA_EVENTO) values (6,null,8,1,to_date('08-10-16','DD-MM-RR'));
Insert into TBL_LIKES (CODIGO_VIDEO,CODIGO_COMENTARIO,CODIGO_USUARIO,CODIGO_TIPO_LIKE,FECHA_EVENTO) values (7,null,9,1,to_date('08-10-16','DD-MM-RR'));
Insert into TBL_LIKES (CODIGO_VIDEO,CODIGO_COMENTARIO,CODIGO_USUARIO,CODIGO_TIPO_LIKE,FECHA_EVENTO) values (7,null,1,1,to_date('08-10-16','DD-MM-RR'));
REM INSERTING into TBL_LISTAS_REPRODUCCION
SET DEFINE OFF;
Insert into TBL_LISTAS_REPRODUCCION (CODIGO_LISTA_REPRODUCCION,CODIGO_USUARIO,CODIGO_TIPO_LISTA,NOMBRE_LISTA_REPRODUCCION,DESCRIPCION,FECHA_CREACION,FECHA_ULTIMA_ACTUALIZACION) values (1,10,1,'Lista 1','Lorem ipsum',to_date('08-10-16','DD-MM-RR'),to_date('08-10-16','DD-MM-RR'));
Insert into TBL_LISTAS_REPRODUCCION (CODIGO_LISTA_REPRODUCCION,CODIGO_USUARIO,CODIGO_TIPO_LISTA,NOMBRE_LISTA_REPRODUCCION,DESCRIPCION,FECHA_CREACION,FECHA_ULTIMA_ACTUALIZACION) values (2,9,1,'Lista 2','Lorem ipsum',to_date('08-10-16','DD-MM-RR'),to_date('08-10-16','DD-MM-RR'));
Insert into TBL_LISTAS_REPRODUCCION (CODIGO_LISTA_REPRODUCCION,CODIGO_USUARIO,CODIGO_TIPO_LISTA,NOMBRE_LISTA_REPRODUCCION,DESCRIPCION,FECHA_CREACION,FECHA_ULTIMA_ACTUALIZACION) values (3,8,1,'Lista 3','Lorem ipsum',to_date('08-10-16','DD-MM-RR'),to_date('08-10-16','DD-MM-RR'));
Insert into TBL_LISTAS_REPRODUCCION (CODIGO_LISTA_REPRODUCCION,CODIGO_USUARIO,CODIGO_TIPO_LISTA,NOMBRE_LISTA_REPRODUCCION,DESCRIPCION,FECHA_CREACION,FECHA_ULTIMA_ACTUALIZACION) values (4,7,1,'Lista 4','Lorem ipsum',to_date('08-10-16','DD-MM-RR'),to_date('08-10-16','DD-MM-RR'));
Insert into TBL_LISTAS_REPRODUCCION (CODIGO_LISTA_REPRODUCCION,CODIGO_USUARIO,CODIGO_TIPO_LISTA,NOMBRE_LISTA_REPRODUCCION,DESCRIPCION,FECHA_CREACION,FECHA_ULTIMA_ACTUALIZACION) values (5,6,1,'Lista 5','Lorem ipsum',to_date('08-10-16','DD-MM-RR'),to_date('08-10-16','DD-MM-RR'));
Insert into TBL_LISTAS_REPRODUCCION (CODIGO_LISTA_REPRODUCCION,CODIGO_USUARIO,CODIGO_TIPO_LISTA,NOMBRE_LISTA_REPRODUCCION,DESCRIPCION,FECHA_CREACION,FECHA_ULTIMA_ACTUALIZACION) values (6,5,1,'Lista 6','Lorem ipsum',to_date('08-10-16','DD-MM-RR'),to_date('08-10-16','DD-MM-RR'));
Insert into TBL_LISTAS_REPRODUCCION (CODIGO_LISTA_REPRODUCCION,CODIGO_USUARIO,CODIGO_TIPO_LISTA,NOMBRE_LISTA_REPRODUCCION,DESCRIPCION,FECHA_CREACION,FECHA_ULTIMA_ACTUALIZACION) values (7,4,1,'Lista 7','Lorem ipsum',to_date('08-10-16','DD-MM-RR'),to_date('08-10-16','DD-MM-RR'));
REM INSERTING into TBL_LISTAS_FAVORITAS
SET DEFINE OFF;
Insert into TBL_LISTAS_FAVORITAS (CODIGO_USUARIO,CODIGO_LISTA_REPRODUCCION) values (1,2);
Insert into TBL_LISTAS_FAVORITAS (CODIGO_USUARIO,CODIGO_LISTA_REPRODUCCION) values (3,4);
Insert into TBL_LISTAS_FAVORITAS (CODIGO_USUARIO,CODIGO_LISTA_REPRODUCCION) values (5,6);
REM INSERTING into TBL_LISTAS_X_USUARIO
SET DEFINE OFF;
REM INSERTING into TBL_SHARES
SET DEFINE OFF;
Insert into TBL_SHARES (CODIGO_SHARE,CODIGO_VIDEO,CODIGO_USUARIO,CODIGO_PLATAFORMA,FECHA) values (1,1,1,1,to_date('22-10-16','DD-MM-RR'));
Insert into TBL_SHARES (CODIGO_SHARE,CODIGO_VIDEO,CODIGO_USUARIO,CODIGO_PLATAFORMA,FECHA) values (2,1,2,2,to_date('22-10-16','DD-MM-RR'));
Insert into TBL_SHARES (CODIGO_SHARE,CODIGO_VIDEO,CODIGO_USUARIO,CODIGO_PLATAFORMA,FECHA) values (3,1,3,1,to_date('22-10-16','DD-MM-RR'));
Insert into TBL_SHARES (CODIGO_SHARE,CODIGO_VIDEO,CODIGO_USUARIO,CODIGO_PLATAFORMA,FECHA) values (4,1,4,1,to_date('22-10-16','DD-MM-RR'));
Insert into TBL_SHARES (CODIGO_SHARE,CODIGO_VIDEO,CODIGO_USUARIO,CODIGO_PLATAFORMA,FECHA) values (5,2,5,1,to_date('22-10-16','DD-MM-RR'));
Insert into TBL_SHARES (CODIGO_SHARE,CODIGO_VIDEO,CODIGO_USUARIO,CODIGO_PLATAFORMA,FECHA) values (6,2,6,1,to_date('22-10-16','DD-MM-RR'));
Insert into TBL_SHARES (CODIGO_SHARE,CODIGO_VIDEO,CODIGO_USUARIO,CODIGO_PLATAFORMA,FECHA) values (7,2,7,1,to_date('22-10-16','DD-MM-RR'));
Insert into TBL_SHARES (CODIGO_SHARE,CODIGO_VIDEO,CODIGO_USUARIO,CODIGO_PLATAFORMA,FECHA) values (8,2,8,1,to_date('22-10-16','DD-MM-RR'));
Insert into TBL_SHARES (CODIGO_SHARE,CODIGO_VIDEO,CODIGO_USUARIO,CODIGO_PLATAFORMA,FECHA) values (9,2,9,2,to_date('22-10-16','DD-MM-RR'));
Insert into TBL_SHARES (CODIGO_SHARE,CODIGO_VIDEO,CODIGO_USUARIO,CODIGO_PLATAFORMA,FECHA) values (10,3,1,2,to_date('22-10-16','DD-MM-RR'));
Insert into TBL_SHARES (CODIGO_SHARE,CODIGO_VIDEO,CODIGO_USUARIO,CODIGO_PLATAFORMA,FECHA) values (11,3,2,1,to_date('22-10-16','DD-MM-RR'));
Insert into TBL_SHARES (CODIGO_SHARE,CODIGO_VIDEO,CODIGO_USUARIO,CODIGO_PLATAFORMA,FECHA) values (12,3,3,1,to_date('22-10-16','DD-MM-RR'));
Insert into TBL_SHARES (CODIGO_SHARE,CODIGO_VIDEO,CODIGO_USUARIO,CODIGO_PLATAFORMA,FECHA) values (13,3,5,1,to_date('22-10-16','DD-MM-RR'));
Insert into TBL_SHARES (CODIGO_SHARE,CODIGO_VIDEO,CODIGO_USUARIO,CODIGO_PLATAFORMA,FECHA) values (14,3,6,2,to_date('22-10-16','DD-MM-RR'));
Insert into TBL_SHARES (CODIGO_SHARE,CODIGO_VIDEO,CODIGO_USUARIO,CODIGO_PLATAFORMA,FECHA) values (15,4,7,2,to_date('22-10-16','DD-MM-RR'));
Insert into TBL_SHARES (CODIGO_SHARE,CODIGO_VIDEO,CODIGO_USUARIO,CODIGO_PLATAFORMA,FECHA) values (16,4,8,2,to_date('22-10-16','DD-MM-RR'));
Insert into TBL_SHARES (CODIGO_SHARE,CODIGO_VIDEO,CODIGO_USUARIO,CODIGO_PLATAFORMA,FECHA) values (17,4,9,1,to_date('22-10-16','DD-MM-RR'));
Insert into TBL_SHARES (CODIGO_SHARE,CODIGO_VIDEO,CODIGO_USUARIO,CODIGO_PLATAFORMA,FECHA) values (18,4,10,1,to_date('22-10-16','DD-MM-RR'));
REM INSERTING into TBL_SUBTITULOS
SET DEFINE OFF;
Insert into TBL_SUBTITULOS (CODIGO_SUBTITULO,CODIGO_IDIOMA,CODIGO_VIDEO,DESCRIPCION) values (1,1,1,'LLorem');
Insert into TBL_SUBTITULOS (CODIGO_SUBTITULO,CODIGO_IDIOMA,CODIGO_VIDEO,DESCRIPCION) values (2,1,2,'LLorem');
Insert into TBL_SUBTITULOS (CODIGO_SUBTITULO,CODIGO_IDIOMA,CODIGO_VIDEO,DESCRIPCION) values (3,1,3,'LLorem');
Insert into TBL_SUBTITULOS (CODIGO_SUBTITULO,CODIGO_IDIOMA,CODIGO_VIDEO,DESCRIPCION) values (4,1,4,'LLorem');
REM INSERTING into TBL_TRANSACCIONES_PAGOS
SET DEFINE OFF;
Insert into TBL_TRANSACCIONES_PAGOS (CODIGO_TRANSACCION,CODIGO_TIPO_PAGO,CODIGO_VIDEO,CODIGO_USUARIO,FECHA_TRANSACCION,FECHA_INICIO,FECHA_FIN,MONTO_PAGO,IMPUESTOS,DESCUENTOS) values (1,1,1,2,to_date('28-10-16','DD-MM-RR'),to_date('01-10-16','DD-MM-RR'),to_date('01-10-16','DD-MM-RR'),342,23,23);
Insert into TBL_TRANSACCIONES_PAGOS (CODIGO_TRANSACCION,CODIGO_TIPO_PAGO,CODIGO_VIDEO,CODIGO_USUARIO,FECHA_TRANSACCION,FECHA_INICIO,FECHA_FIN,MONTO_PAGO,IMPUESTOS,DESCUENTOS) values (2,1,1,2,to_date('22-09-16','DD-MM-RR'),to_date('01-10-16','DD-MM-RR'),to_date('01-10-16','DD-MM-RR'),354234,345,23);
Insert into TBL_TRANSACCIONES_PAGOS (CODIGO_TRANSACCION,CODIGO_TIPO_PAGO,CODIGO_VIDEO,CODIGO_USUARIO,FECHA_TRANSACCION,FECHA_INICIO,FECHA_FIN,MONTO_PAGO,IMPUESTOS,DESCUENTOS) values (3,1,1,2,to_date('19-08-16','DD-MM-RR'),to_date('01-10-16','DD-MM-RR'),to_date('01-10-16','DD-MM-RR'),2345,6,34);
Insert into TBL_TRANSACCIONES_PAGOS (CODIGO_TRANSACCION,CODIGO_TIPO_PAGO,CODIGO_VIDEO,CODIGO_USUARIO,FECHA_TRANSACCION,FECHA_INICIO,FECHA_FIN,MONTO_PAGO,IMPUESTOS,DESCUENTOS) values (4,1,1,2,to_date('06-07-16','DD-MM-RR'),to_date('01-10-16','DD-MM-RR'),to_date('01-10-16','DD-MM-RR'),678967,767,445);
Insert into TBL_TRANSACCIONES_PAGOS (CODIGO_TRANSACCION,CODIGO_TIPO_PAGO,CODIGO_VIDEO,CODIGO_USUARIO,FECHA_TRANSACCION,FECHA_INICIO,FECHA_FIN,MONTO_PAGO,IMPUESTOS,DESCUENTOS) values (5,1,1,2,to_date('15-06-16','DD-MM-RR'),to_date('01-10-16','DD-MM-RR'),to_date('01-10-16','DD-MM-RR'),45,56,5);
Insert into TBL_TRANSACCIONES_PAGOS (CODIGO_TRANSACCION,CODIGO_TIPO_PAGO,CODIGO_VIDEO,CODIGO_USUARIO,FECHA_TRANSACCION,FECHA_INICIO,FECHA_FIN,MONTO_PAGO,IMPUESTOS,DESCUENTOS) values (6,1,1,2,to_date('14-04-16','DD-MM-RR'),to_date('01-10-16','DD-MM-RR'),to_date('01-10-16','DD-MM-RR'),456,67,5);
Insert into TBL_TRANSACCIONES_PAGOS (CODIGO_TRANSACCION,CODIGO_TIPO_PAGO,CODIGO_VIDEO,CODIGO_USUARIO,FECHA_TRANSACCION,FECHA_INICIO,FECHA_FIN,MONTO_PAGO,IMPUESTOS,DESCUENTOS) values (7,2,2,3,to_date('18-03-16','DD-MM-RR'),to_date('01-10-16','DD-MM-RR'),to_date('01-10-16','DD-MM-RR'),7789,8,56);
Insert into TBL_TRANSACCIONES_PAGOS (CODIGO_TRANSACCION,CODIGO_TIPO_PAGO,CODIGO_VIDEO,CODIGO_USUARIO,FECHA_TRANSACCION,FECHA_INICIO,FECHA_FIN,MONTO_PAGO,IMPUESTOS,DESCUENTOS) values (8,2,2,3,to_date('16-02-16','DD-MM-RR'),to_date('01-10-16','DD-MM-RR'),to_date('01-10-16','DD-MM-RR'),456,78,4);
Insert into TBL_TRANSACCIONES_PAGOS (CODIGO_TRANSACCION,CODIGO_TIPO_PAGO,CODIGO_VIDEO,CODIGO_USUARIO,FECHA_TRANSACCION,FECHA_INICIO,FECHA_FIN,MONTO_PAGO,IMPUESTOS,DESCUENTOS) values (9,2,2,3,to_date('09-02-16','DD-MM-RR'),to_date('01-10-16','DD-MM-RR'),to_date('01-10-16','DD-MM-RR'),345,56,4);
Insert into TBL_TRANSACCIONES_PAGOS (CODIGO_TRANSACCION,CODIGO_TIPO_PAGO,CODIGO_VIDEO,CODIGO_USUARIO,FECHA_TRANSACCION,FECHA_INICIO,FECHA_FIN,MONTO_PAGO,IMPUESTOS,DESCUENTOS) values (10,2,2,3,to_date('13-01-16','DD-MM-RR'),to_date('01-10-16','DD-MM-RR'),to_date('01-10-16','DD-MM-RR'),896,55,44);
Insert into TBL_TRANSACCIONES_PAGOS (CODIGO_TRANSACCION,CODIGO_TIPO_PAGO,CODIGO_VIDEO,CODIGO_USUARIO,FECHA_TRANSACCION,FECHA_INICIO,FECHA_FIN,MONTO_PAGO,IMPUESTOS,DESCUENTOS) values (11,2,2,3,to_date('29-10-15','DD-MM-RR'),to_date('01-10-16','DD-MM-RR'),to_date('01-10-16','DD-MM-RR'),7790,456,4);
Insert into TBL_TRANSACCIONES_PAGOS (CODIGO_TRANSACCION,CODIGO_TIPO_PAGO,CODIGO_VIDEO,CODIGO_USUARIO,FECHA_TRANSACCION,FECHA_INICIO,FECHA_FIN,MONTO_PAGO,IMPUESTOS,DESCUENTOS) values (12,2,3,4,to_date('25-09-14','DD-MM-RR'),to_date('01-10-16','DD-MM-RR'),to_date('01-10-16','DD-MM-RR'),8970,56,8);
Insert into TBL_TRANSACCIONES_PAGOS (CODIGO_TRANSACCION,CODIGO_TIPO_PAGO,CODIGO_VIDEO,CODIGO_USUARIO,FECHA_TRANSACCION,FECHA_INICIO,FECHA_FIN,MONTO_PAGO,IMPUESTOS,DESCUENTOS) values (13,1,3,4,to_date('07-07-14','DD-MM-RR'),to_date('01-10-16','DD-MM-RR'),to_date('01-10-16','DD-MM-RR'),90,87,7);
Insert into TBL_TRANSACCIONES_PAGOS (CODIGO_TRANSACCION,CODIGO_TIPO_PAGO,CODIGO_VIDEO,CODIGO_USUARIO,FECHA_TRANSACCION,FECHA_INICIO,FECHA_FIN,MONTO_PAGO,IMPUESTOS,DESCUENTOS) values (14,2,3,4,to_date('10-10-13','DD-MM-RR'),to_date('01-10-16','DD-MM-RR'),to_date('01-10-16','DD-MM-RR'),5634,68,77);
Insert into TBL_TRANSACCIONES_PAGOS (CODIGO_TRANSACCION,CODIGO_TIPO_PAGO,CODIGO_VIDEO,CODIGO_USUARIO,FECHA_TRANSACCION,FECHA_INICIO,FECHA_FIN,MONTO_PAGO,IMPUESTOS,DESCUENTOS) values (15,2,3,4,to_date('05-06-13','DD-MM-RR'),to_date('01-10-16','DD-MM-RR'),to_date('01-10-16','DD-MM-RR'),9078,889,87);
Insert into TBL_TRANSACCIONES_PAGOS (CODIGO_TRANSACCION,CODIGO_TIPO_PAGO,CODIGO_VIDEO,CODIGO_USUARIO,FECHA_TRANSACCION,FECHA_INICIO,FECHA_FIN,MONTO_PAGO,IMPUESTOS,DESCUENTOS) values (16,1,3,4,to_date('12-10-12','DD-MM-RR'),to_date('01-10-16','DD-MM-RR'),to_date('01-10-16','DD-MM-RR'),563,90,7);
Insert into TBL_TRANSACCIONES_PAGOS (CODIGO_TRANSACCION,CODIGO_TIPO_PAGO,CODIGO_VIDEO,CODIGO_USUARIO,FECHA_TRANSACCION,FECHA_INICIO,FECHA_FIN,MONTO_PAGO,IMPUESTOS,DESCUENTOS) values (17,1,3,4,to_date('11-10-13','DD-MM-RR'),to_date('01-10-16','DD-MM-RR'),to_date('01-10-16','DD-MM-RR'),456,90,78);
Insert into TBL_TRANSACCIONES_PAGOS (CODIGO_TRANSACCION,CODIGO_TIPO_PAGO,CODIGO_VIDEO,CODIGO_USUARIO,FECHA_TRANSACCION,FECHA_INICIO,FECHA_FIN,MONTO_PAGO,IMPUESTOS,DESCUENTOS) values (18,1,1,2,to_date('29-05-14','DD-MM-RR'),to_date('01-10-16','DD-MM-RR'),to_date('01-10-16','DD-MM-RR'),56,44,87);
Insert into TBL_TRANSACCIONES_PAGOS (CODIGO_TRANSACCION,CODIGO_TIPO_PAGO,CODIGO_VIDEO,CODIGO_USUARIO,FECHA_TRANSACCION,FECHA_INICIO,FECHA_FIN,MONTO_PAGO,IMPUESTOS,DESCUENTOS) values (19,1,1,2,to_date('16-08-13','DD-MM-RR'),to_date('01-10-16','DD-MM-RR'),to_date('01-10-16','DD-MM-RR'),57453,45,89);
Insert into TBL_TRANSACCIONES_PAGOS (CODIGO_TRANSACCION,CODIGO_TIPO_PAGO,CODIGO_VIDEO,CODIGO_USUARIO,FECHA_TRANSACCION,FECHA_INICIO,FECHA_FIN,MONTO_PAGO,IMPUESTOS,DESCUENTOS) values (20,1,1,2,to_date('24-07-13','DD-MM-RR'),to_date('01-10-16','DD-MM-RR'),to_date('01-10-16','DD-MM-RR'),787,56,9);
Insert into TBL_TRANSACCIONES_PAGOS (CODIGO_TRANSACCION,CODIGO_TIPO_PAGO,CODIGO_VIDEO,CODIGO_USUARIO,FECHA_TRANSACCION,FECHA_INICIO,FECHA_FIN,MONTO_PAGO,IMPUESTOS,DESCUENTOS) values (21,1,1,2,to_date('04-06-14','DD-MM-RR'),to_date('01-10-16','DD-MM-RR'),to_date('01-10-16','DD-MM-RR'),5678,56,90);
Insert into TBL_TRANSACCIONES_PAGOS (CODIGO_TRANSACCION,CODIGO_TIPO_PAGO,CODIGO_VIDEO,CODIGO_USUARIO,FECHA_TRANSACCION,FECHA_INICIO,FECHA_FIN,MONTO_PAGO,IMPUESTOS,DESCUENTOS) values (22,1,1,2,to_date('07-07-14','DD-MM-RR'),to_date('01-10-16','DD-MM-RR'),to_date('01-10-16','DD-MM-RR'),785,56,0);
Insert into TBL_TRANSACCIONES_PAGOS (CODIGO_TRANSACCION,CODIGO_TIPO_PAGO,CODIGO_VIDEO,CODIGO_USUARIO,FECHA_TRANSACCION,FECHA_INICIO,FECHA_FIN,MONTO_PAGO,IMPUESTOS,DESCUENTOS) values (23,1,1,2,to_date('10-10-13','DD-MM-RR'),to_date('01-10-16','DD-MM-RR'),to_date('01-10-16','DD-MM-RR'),7787,7,0);
Insert into TBL_TRANSACCIONES_PAGOS (CODIGO_TRANSACCION,CODIGO_TIPO_PAGO,CODIGO_VIDEO,CODIGO_USUARIO,FECHA_TRANSACCION,FECHA_INICIO,FECHA_FIN,MONTO_PAGO,IMPUESTOS,DESCUENTOS) values (24,1,2,3,to_date('05-06-13','DD-MM-RR'),to_date('01-10-16','DD-MM-RR'),to_date('01-10-16','DD-MM-RR'),6767,6,7);
Insert into TBL_TRANSACCIONES_PAGOS (CODIGO_TRANSACCION,CODIGO_TIPO_PAGO,CODIGO_VIDEO,CODIGO_USUARIO,FECHA_TRANSACCION,FECHA_INICIO,FECHA_FIN,MONTO_PAGO,IMPUESTOS,DESCUENTOS) values (25,2,2,3,to_date('12-10-12','DD-MM-RR'),to_date('01-10-16','DD-MM-RR'),to_date('01-10-16','DD-MM-RR'),78,6,6);
Insert into TBL_TRANSACCIONES_PAGOS (CODIGO_TRANSACCION,CODIGO_TIPO_PAGO,CODIGO_VIDEO,CODIGO_USUARIO,FECHA_TRANSACCION,FECHA_INICIO,FECHA_FIN,MONTO_PAGO,IMPUESTOS,DESCUENTOS) values (26,1,2,3,to_date('11-10-13','DD-MM-RR'),to_date('01-10-16','DD-MM-RR'),to_date('01-10-16','DD-MM-RR'),745,67,66);
Insert into TBL_TRANSACCIONES_PAGOS (CODIGO_TRANSACCION,CODIGO_TIPO_PAGO,CODIGO_VIDEO,CODIGO_USUARIO,FECHA_TRANSACCION,FECHA_INICIO,FECHA_FIN,MONTO_PAGO,IMPUESTOS,DESCUENTOS) values (27,1,2,3,to_date('29-05-14','DD-MM-RR'),to_date('01-10-16','DD-MM-RR'),to_date('01-10-16','DD-MM-RR'),6767,6,65);
Insert into TBL_TRANSACCIONES_PAGOS (CODIGO_TRANSACCION,CODIGO_TIPO_PAGO,CODIGO_VIDEO,CODIGO_USUARIO,FECHA_TRANSACCION,FECHA_INICIO,FECHA_FIN,MONTO_PAGO,IMPUESTOS,DESCUENTOS) values (28,1,4,4,to_date('16-08-13','DD-MM-RR'),to_date('01-10-16','DD-MM-RR'),to_date('01-10-16','DD-MM-RR'),9678,6,5);
Insert into TBL_TRANSACCIONES_PAGOS (CODIGO_TRANSACCION,CODIGO_TIPO_PAGO,CODIGO_VIDEO,CODIGO_USUARIO,FECHA_TRANSACCION,FECHA_INICIO,FECHA_FIN,MONTO_PAGO,IMPUESTOS,DESCUENTOS) values (29,1,4,4,to_date('11-11-16','DD-MM-RR'),to_date('01-10-16','DD-MM-RR'),to_date('01-10-16','DD-MM-RR'),468,6,5);
Insert into TBL_TRANSACCIONES_PAGOS (CODIGO_TRANSACCION,CODIGO_TIPO_PAGO,CODIGO_VIDEO,CODIGO_USUARIO,FECHA_TRANSACCION,FECHA_INICIO,FECHA_FIN,MONTO_PAGO,IMPUESTOS,DESCUENTOS) values (30,1,4,4,to_date('08-12-16','DD-MM-RR'),to_date('01-10-16','DD-MM-RR'),to_date('01-10-16','DD-MM-RR'),67896789,67,54);
REM INSERTING into TBL_USUARIOS_X_CANAL
SET DEFINE OFF;
Insert into TBL_USUARIOS_X_CANAL (CODIGO_USUARIO,CODIGO_CANAL,FECHA_SUSCRIPCION) values (1,1,to_date('06-10-16','DD-MM-RR'));
Insert into TBL_USUARIOS_X_CANAL (CODIGO_USUARIO,CODIGO_CANAL,FECHA_SUSCRIPCION) values (2,1,to_date('06-10-16','DD-MM-RR'));
Insert into TBL_USUARIOS_X_CANAL (CODIGO_USUARIO,CODIGO_CANAL,FECHA_SUSCRIPCION) values (3,1,to_date('06-10-16','DD-MM-RR'));
Insert into TBL_USUARIOS_X_CANAL (CODIGO_USUARIO,CODIGO_CANAL,FECHA_SUSCRIPCION) values (1,2,to_date('06-10-16','DD-MM-RR'));
Insert into TBL_USUARIOS_X_CANAL (CODIGO_USUARIO,CODIGO_CANAL,FECHA_SUSCRIPCION) values (2,2,to_date('06-10-16','DD-MM-RR'));
Insert into TBL_USUARIOS_X_CANAL (CODIGO_USUARIO,CODIGO_CANAL,FECHA_SUSCRIPCION) values (3,2,to_date('06-10-16','DD-MM-RR'));
Insert into TBL_USUARIOS_X_CANAL (CODIGO_USUARIO,CODIGO_CANAL,FECHA_SUSCRIPCION) values (4,3,to_date('06-10-16','DD-MM-RR'));
Insert into TBL_USUARIOS_X_CANAL (CODIGO_USUARIO,CODIGO_CANAL,FECHA_SUSCRIPCION) values (5,3,to_date('06-10-16','DD-MM-RR'));
REM INSERTING into TBL_VIDEOS_X_LISTA
SET DEFINE OFF;
Insert into TBL_VIDEOS_X_LISTA (CODIGO_LISTA_REPRODUCCION,CODIGO_VIDEO,ORDEN) values (1,1,1);
Insert into TBL_VIDEOS_X_LISTA (CODIGO_LISTA_REPRODUCCION,CODIGO_VIDEO,ORDEN) values (1,2,2);
Insert into TBL_VIDEOS_X_LISTA (CODIGO_LISTA_REPRODUCCION,CODIGO_VIDEO,ORDEN) values (1,11,3);
Insert into TBL_VIDEOS_X_LISTA (CODIGO_LISTA_REPRODUCCION,CODIGO_VIDEO,ORDEN) values (1,3,4);
Insert into TBL_VIDEOS_X_LISTA (CODIGO_LISTA_REPRODUCCION,CODIGO_VIDEO,ORDEN) values (1,4,5);
Insert into TBL_VIDEOS_X_LISTA (CODIGO_LISTA_REPRODUCCION,CODIGO_VIDEO,ORDEN) values (2,5,6);
Insert into TBL_VIDEOS_X_LISTA (CODIGO_LISTA_REPRODUCCION,CODIGO_VIDEO,ORDEN) values (2,6,7);
Insert into TBL_VIDEOS_X_LISTA (CODIGO_LISTA_REPRODUCCION,CODIGO_VIDEO,ORDEN) values (2,7,8);
Insert into TBL_VIDEOS_X_LISTA (CODIGO_LISTA_REPRODUCCION,CODIGO_VIDEO,ORDEN) values (2,8,9);
Insert into TBL_VIDEOS_X_LISTA (CODIGO_LISTA_REPRODUCCION,CODIGO_VIDEO,ORDEN) values (2,9,10);
Insert into TBL_VIDEOS_X_LISTA (CODIGO_LISTA_REPRODUCCION,CODIGO_VIDEO,ORDEN) values (2,10,1);
Insert into TBL_VIDEOS_X_LISTA (CODIGO_LISTA_REPRODUCCION,CODIGO_VIDEO,ORDEN) values (3,11,2);
Insert into TBL_VIDEOS_X_LISTA (CODIGO_LISTA_REPRODUCCION,CODIGO_VIDEO,ORDEN) values (3,12,3);
Insert into TBL_VIDEOS_X_LISTA (CODIGO_LISTA_REPRODUCCION,CODIGO_VIDEO,ORDEN) values (3,13,4);
Insert into TBL_VIDEOS_X_LISTA (CODIGO_LISTA_REPRODUCCION,CODIGO_VIDEO,ORDEN) values (3,14,5);
Insert into TBL_VIDEOS_X_LISTA (CODIGO_LISTA_REPRODUCCION,CODIGO_VIDEO,ORDEN) values (4,15,6);
Insert into TBL_VIDEOS_X_LISTA (CODIGO_LISTA_REPRODUCCION,CODIGO_VIDEO,ORDEN) values (3,16,7);
Insert into TBL_VIDEOS_X_LISTA (CODIGO_LISTA_REPRODUCCION,CODIGO_VIDEO,ORDEN) values (4,17,8);
Insert into TBL_VIDEOS_X_LISTA (CODIGO_LISTA_REPRODUCCION,CODIGO_VIDEO,ORDEN) values (4,18,9);
Insert into TBL_VIDEOS_X_LISTA (CODIGO_LISTA_REPRODUCCION,CODIGO_VIDEO,ORDEN) values (4,19,10);
Insert into TBL_VIDEOS_X_LISTA (CODIGO_LISTA_REPRODUCCION,CODIGO_VIDEO,ORDEN) values (4,20,11);
Insert into TBL_VIDEOS_X_LISTA (CODIGO_LISTA_REPRODUCCION,CODIGO_VIDEO,ORDEN) values (5,1,12);
Insert into TBL_VIDEOS_X_LISTA (CODIGO_LISTA_REPRODUCCION,CODIGO_VIDEO,ORDEN) values (5,4,13);
Insert into TBL_VIDEOS_X_LISTA (CODIGO_LISTA_REPRODUCCION,CODIGO_VIDEO,ORDEN) values (5,2,14);
Insert into TBL_VIDEOS_X_LISTA (CODIGO_LISTA_REPRODUCCION,CODIGO_VIDEO,ORDEN) values (6,2,15);
Insert into TBL_VIDEOS_X_LISTA (CODIGO_LISTA_REPRODUCCION,CODIGO_VIDEO,ORDEN) values (7,2,16);
Insert into TBL_VIDEOS_X_LISTA (CODIGO_LISTA_REPRODUCCION,CODIGO_VIDEO,ORDEN) values (7,3,17);



COMMIT;